"Company Name","company size","Recruiting For Self","Number of Job Posted","Mobile Number","Email","Is Activated","Job Posted","Job Title","Hiring Manager","Department","Education","Minimum Experience","Maximum Experience","Minimum Salary","Maximum Salary","Joining Period","Job Posting Date","Job Expiry Date"
"Tech Riders","201-500",true,12,7349234793,"neha33keshatwar@gmail.com",true,true,"srf","rft","rft","Graduate","7","15","7","14","Within 1 month","2017-08-04T08:24:59.531Z","2017-09-03T08:24:59.531Z"
"Tech Riders","201-500",true,12,7349234793,"neha33keshatwar@gmail.com",true,true,"ds","asf","sfas","Graduate","5","13","8","14","Within 1 month","2017-08-03T13:40:48.836Z","2017-09-02T13:40:48.836Z"
"Tech Riders","201-500",true,12,7349234793,"neha33keshatwar@gmail.com",true,true,"d","sdf","df","Graduate","11","14","13","17","Within 1 month","2017-08-08T12:08:16.493Z","2017-09-07T12:08:16.493Z"
"Tech Riders","201-500",true,12,7349234793,"neha33keshatwar@gmail.com",true,true,"sd","sad","sd","Graduate","5","12","8","19","Within 1 month","2017-08-09T06:30:37.215Z","2017-09-08T06:30:37.215Z"
"Tech Riders","201-500",true,12,7349234793,"neha33keshatwar@gmail.com",true,true,"ret","dgfdg","fgdfg","Graduate","3","11","11","17","Within 1 month","2017-08-09T07:36:34.117Z","2017-09-08T07:36:34.117Z"
"Tech Riders","201-500",true,12,7349234793,"neha33keshatwar@gmail.com",true,true,"fg","dfg","fd","Graduate","3","14","9","18","Within 1 month","2017-08-09T06:43:24.053Z","2017-09-08T06:43:24.053Z"
"Tech Riders","201-500",true,12,7349234793,"neha33keshatwar@gmail.com",true,true,"dfd","df","dfdsf","Graduate","4","12","7","19","Within 1 month","2017-08-09T10:00:38.338Z","2017-09-08T10:00:38.338Z"
"Tech Riders","201-500",true,12,7349234793,"neha33keshatwar@gmail.com",true,true,"fsd","dfsd","dfdsf","Graduate","3","13","7","15","Within 1 month","2017-08-10T12:36:36.026Z","2017-09-09T12:36:36.026Z"
"Tech Riders","201-500",true,12,7349234793,"neha33keshatwar@gmail.com",true,true,"Software Engineer","Neha Keshatwar","Development","Graduate","6","13","8","14","Within 1 month","2017-08-17T09:53:19.332Z","2017-09-16T09:53:19.332Z"
"Tech Riders","201-500",true,12,7349234793,"neha33keshatwar@gmail.com",true,true,"Software Engineer","Neha Keshatwar","Development","Graduate","5","13","7","17","Within 1 month","2017-08-18T07:00:39.836Z","2017-09-17T07:00:39.836Z"
"Tech Riders","201-500",true,12,7349234793,"neha33keshatwar@gmail.com",true,true,"Software Engineer","Development","Neha Keshatwar","Graduate","4","14","7","15","Within 1 month","2017-08-18T12:30:53.030Z","2017-09-17T12:30:53.030Z"
"Tech Riders","201-500",true,12,7349234793,"neha33keshatwar@gmail.com",true,,"dfsa","asfd","sadx","Graduate","2","17","7","18","Within 1 month","2017-08-18T12:58:06.799Z","2017-09-17T12:58:06.799Z"
"Mind Triggers","501-1000",true,0,7934797492,"neha.keshatwar@techprimelab.com",false,,,,,,,,,,,,
"smdlkm","501-1000",true,0,2435874923,"keshatwarneha@sggs.ac.in",false,,,,,,,,,,,,